model,accuracy,auc,precision,recall,f1,mcc
LogisticRegression,0.9824561403508771,0.9953703703703703,0.9861111111111112,0.9861111111111112,0.9861111111111112,0.9623015873015873
KNN,0.9736842105263158,0.9884259259259259,0.96,1.0,0.9795918367346939,0.9441549509633318
XGBoost,0.956140350877193,0.9950396825396826,0.9466666666666667,0.9861111111111112,0.9659863945578231,0.9058238738943076
RandomForest,0.9473684210526315,0.9937169312169313,0.9583333333333334,0.9583333333333334,0.9583333333333334,0.8869047619047619
NaiveBayes,0.9385964912280702,0.9877645502645502,0.9452054794520548,0.9583333333333334,0.9517241379310345,0.8675534786006366
DecisionTree,0.9122807017543859,0.9156746031746031,0.9558823529411765,0.9027777777777778,0.9285714285714286,0.8174119974927639
